-- phpMyAdmin SQL Dump
-- version 4.9.7
-- https://www.phpmyadmin.net/
--
-- Host: localhost:3306
-- Generation Time: Feb 23, 2022 at 12:24 PM
-- Server version: 5.6.41-84.1
-- PHP Version: 7.3.32

SET SQL_MODE = "NO_AUTO_VALUE_ON_ZERO";
SET AUTOCOMMIT = 0;
START TRANSACTION;
SET time_zone = "+00:00";


/*!40101 SET @OLD_CHARACTER_SET_CLIENT=@@CHARACTER_SET_CLIENT */;
/*!40101 SET @OLD_CHARACTER_SET_RESULTS=@@CHARACTER_SET_RESULTS */;
/*!40101 SET @OLD_COLLATION_CONNECTION=@@COLLATION_CONNECTION */;
/*!40101 SET NAMES utf8mb4 */;

--
-- Database: `payquick_gs_cashier`
--

-- --------------------------------------------------------

--
-- Table structure for table `brands`
--

CREATE TABLE `brands` (
  `id` int(10) UNSIGNED NOT NULL,
  `brand_ar` varchar(25) NOT NULL,
  `brand_en` varchar(25) DEFAULT NULL,
  `created_at` timestamp NOT NULL DEFAULT CURRENT_TIMESTAMP,
  `updated_at` timestamp NOT NULL DEFAULT CURRENT_TIMESTAMP
) ENGINE=InnoDB DEFAULT CHARSET=utf8mb4;

-- --------------------------------------------------------

--
-- Table structure for table `categories`
--

CREATE TABLE `categories` (
  `id` int(10) UNSIGNED NOT NULL,
  `name_ar` varchar(50) NOT NULL,
  `name_en` varchar(50) DEFAULT NULL,
  `created_at` timestamp NOT NULL DEFAULT CURRENT_TIMESTAMP,
  `updated_at` timestamp NOT NULL DEFAULT CURRENT_TIMESTAMP
) ENGINE=InnoDB DEFAULT CHARSET=utf8mb4;

--
-- Dumping data for table `categories`
--

INSERT INTO `categories` (`id`, `name_ar`, `name_en`, `created_at`, `updated_at`) VALUES
(1, 'سمارت فون', NULL, '2021-06-21 18:11:34', '2021-06-21 18:11:34'),
(2, 'فون عادي', NULL, '2021-06-21 20:06:47', '2021-06-21 20:06:47'),
(3, 'إكسسوارات فون', NULL, '2021-06-21 22:00:52', '2021-06-21 22:00:52'),
(4, 'هاتف منزلي', NULL, '2021-06-21 22:19:29', '2021-06-21 22:19:29'),
(5, 'اكسسوارات كمبيوتر', NULL, '2021-06-21 22:21:27', '2021-06-21 22:21:27'),
(6, 'أجهزة سمعية', NULL, '2021-06-21 22:21:47', '2021-06-21 22:21:47'),
(7, 'اكسسوارات بلايستيشن', NULL, '2021-06-21 22:22:32', '2021-06-21 22:22:32'),
(8, 'أجهزة لوحية', NULL, '2021-06-21 22:58:30', '2021-06-21 22:58:30');

-- --------------------------------------------------------

--
-- Table structure for table `employees`
--

CREATE TABLE `employees` (
  `id` int(10) UNSIGNED NOT NULL,
  `name` varchar(50) NOT NULL,
  `phone` varchar(15) NOT NULL,
  `type` tinyint(1) NOT NULL DEFAULT '0',
  `notes` text,
  `created_at` timestamp NOT NULL DEFAULT CURRENT_TIMESTAMP,
  `updated_at` timestamp NOT NULL DEFAULT CURRENT_TIMESTAMP
) ENGINE=InnoDB DEFAULT CHARSET=utf8mb4;

--
-- Dumping data for table `employees`
--

INSERT INTO `employees` (`id`, `name`, `phone`, `type`, `notes`, `created_at`, `updated_at`) VALUES
(1, 'محمد عبدالله', '01017410699', 1, NULL, '2021-06-27 00:13:31', '2021-06-27 00:13:31'),
(2, 'أحمد مغني', '01017410699', 0, NULL, '2021-06-27 00:15:35', '2021-06-27 00:15:35');

-- --------------------------------------------------------

--
-- Table structure for table `failed_jobs`
--

CREATE TABLE `failed_jobs` (
  `id` bigint(20) UNSIGNED NOT NULL,
  `uuid` varchar(255) COLLATE utf8mb4_unicode_ci NOT NULL,
  `connection` text COLLATE utf8mb4_unicode_ci NOT NULL,
  `queue` text COLLATE utf8mb4_unicode_ci NOT NULL,
  `payload` longtext COLLATE utf8mb4_unicode_ci NOT NULL,
  `exception` longtext COLLATE utf8mb4_unicode_ci NOT NULL,
  `failed_at` timestamp NOT NULL DEFAULT CURRENT_TIMESTAMP
) ENGINE=InnoDB DEFAULT CHARSET=utf8mb4 COLLATE=utf8mb4_unicode_ci;

-- --------------------------------------------------------

--
-- Table structure for table `maintenance_bills`
--

CREATE TABLE `maintenance_bills` (
  `id` bigint(20) UNSIGNED NOT NULL,
  `bill_number` varchar(20) NOT NULL,
  `employee_id` int(10) UNSIGNED NOT NULL,
  `created_by` bigint(20) UNSIGNED NOT NULL,
  `finished_by` bigint(20) UNSIGNED DEFAULT NULL,
  `customer_name` varchar(50) NOT NULL,
  `customer_phone` varchar(15) NOT NULL,
  `notes` text NOT NULL,
  `hardware_price` float NOT NULL DEFAULT '0',
  `maintenance` float NOT NULL DEFAULT '0',
  `paid_amount` float NOT NULL DEFAULT '0',
  `remaining_amount` float NOT NULL DEFAULT '0',
  `bill_status` tinyint(1) NOT NULL DEFAULT '0',
  `created_at` timestamp NOT NULL DEFAULT CURRENT_TIMESTAMP,
  `updated_at` timestamp NOT NULL DEFAULT CURRENT_TIMESTAMP
) ENGINE=InnoDB DEFAULT CHARSET=utf8mb4;

--
-- Dumping data for table `maintenance_bills`
--

INSERT INTO `maintenance_bills` (`id`, `bill_number`, `employee_id`, `created_by`, `finished_by`, `customer_name`, `customer_phone`, `notes`, `hardware_price`, `maintenance`, `paid_amount`, `remaining_amount`, `bill_status`, `created_at`, `updated_at`) VALUES
(1, '200001', 1, 1, 1, 'محمد', '01124224743', 'شاشة', 100, 50, 50, 100, 1, '2021-07-04 17:02:19', '2021-07-04 18:42:35'),
(2, '200002', 1, 1, 1, 'محمود', '01061150949', 'تغير شاشة ايفون X', 1100, 400, 1500, 0, 1, '2021-07-04 19:26:21', '2021-07-04 19:27:36'),
(3, '200003', 1, 1, 1, 'محمود', '01061150949', 'تغير شاشة ايفون X', 1100, 400, 1500, 0, 1, '2021-07-04 19:27:22', '2021-07-04 20:32:32'),
(4, '200004', 1, 2, 1, 'أحمد', '01157775297', 'سوكت شحن', 100, 100, 200, 0, 1, '2021-07-04 21:29:06', '2021-07-04 21:32:50'),
(5, '200005', 1, 1, NULL, 'ahmed', '876734', 'sdfdsfd', 0.007, 0.001, 0, 0, 0, '2021-11-28 18:58:20', '2021-11-28 18:58:20');

-- --------------------------------------------------------

--
-- Table structure for table `migrations`
--

CREATE TABLE `migrations` (
  `id` int(10) UNSIGNED NOT NULL,
  `migration` varchar(255) COLLATE utf8mb4_unicode_ci NOT NULL,
  `batch` int(11) NOT NULL
) ENGINE=InnoDB DEFAULT CHARSET=utf8mb4 COLLATE=utf8mb4_unicode_ci;

--
-- Dumping data for table `migrations`
--

INSERT INTO `migrations` (`id`, `migration`, `batch`) VALUES
(1, '2014_10_12_000000_create_users_table', 1),
(2, '2014_10_12_100000_create_password_resets_table', 1),
(3, '2014_10_12_200000_add_two_factor_columns_to_users_table', 1),
(4, '2019_08_19_000000_create_failed_jobs_table', 1),
(5, '2019_12_14_000001_create_personal_access_tokens_table', 1),
(6, '2021_05_18_073352_create_sessions_table', 1);

-- --------------------------------------------------------

--
-- Table structure for table `password_resets`
--

CREATE TABLE `password_resets` (
  `email` varchar(255) COLLATE utf8mb4_unicode_ci NOT NULL,
  `token` varchar(255) COLLATE utf8mb4_unicode_ci NOT NULL,
  `created_at` timestamp NULL DEFAULT NULL
) ENGINE=InnoDB DEFAULT CHARSET=utf8mb4 COLLATE=utf8mb4_unicode_ci;

-- --------------------------------------------------------

--
-- Table structure for table `personal_access_tokens`
--

CREATE TABLE `personal_access_tokens` (
  `id` bigint(20) UNSIGNED NOT NULL,
  `tokenable_type` varchar(255) COLLATE utf8mb4_unicode_ci NOT NULL,
  `tokenable_id` bigint(20) UNSIGNED NOT NULL,
  `name` varchar(255) COLLATE utf8mb4_unicode_ci NOT NULL,
  `token` varchar(64) COLLATE utf8mb4_unicode_ci NOT NULL,
  `abilities` text COLLATE utf8mb4_unicode_ci,
  `last_used_at` timestamp NULL DEFAULT NULL,
  `created_at` timestamp NULL DEFAULT NULL,
  `updated_at` timestamp NULL DEFAULT NULL
) ENGINE=InnoDB DEFAULT CHARSET=utf8mb4 COLLATE=utf8mb4_unicode_ci;

-- --------------------------------------------------------

--
-- Table structure for table `products`
--

CREATE TABLE `products` (
  `id` bigint(20) UNSIGNED NOT NULL,
  `barcode` varchar(20) NOT NULL,
  `name_ar` varchar(100) NOT NULL,
  `name_en` varchar(100) DEFAULT NULL,
  `sale_price` float NOT NULL DEFAULT '0',
  `default_discount` int(10) UNSIGNED NOT NULL DEFAULT '0',
  `stock_limit` int(10) UNSIGNED NOT NULL DEFAULT '1',
  `category_id` int(10) UNSIGNED NOT NULL,
  `brand_id` int(10) UNSIGNED DEFAULT NULL,
  `status` tinyint(1) NOT NULL DEFAULT '0',
  `notes` text,
  `created_at` timestamp NOT NULL DEFAULT CURRENT_TIMESTAMP,
  `updated_at` timestamp NOT NULL DEFAULT CURRENT_TIMESTAMP
) ENGINE=InnoDB DEFAULT CHARSET=utf8mb4;

--
-- Dumping data for table `products`
--

INSERT INTO `products` (`id`, `barcode`, `name_ar`, `name_en`, `sale_price`, `default_discount`, `stock_limit`, `category_id`, `brand_id`, `status`, `notes`, `created_at`, `updated_at`) VALUES
(1, '100000001', 'اسكرين جيلاتين', NULL, 50, 0, 0, 3, NULL, 0, '15', '2021-06-21 23:39:31', '2021-07-04 20:49:48'),
(2, '100000002', 'اسكرين 5D', NULL, 50, 0, 0, 3, NULL, 0, NULL, '2021-06-21 23:42:06', '2021-06-21 23:42:06'),
(3, '100000003', 'اسكرين فيلتر', NULL, 125, 0, 0, 3, NULL, 0, NULL, '2021-06-21 23:42:42', '2021-06-21 23:42:42'),
(4, '100000004', 'اسكرين انتي بلو', NULL, 75, 0, 0, 3, NULL, 0, NULL, '2021-06-21 23:42:44', '2021-06-21 23:42:44'),
(5, '100000005', 'اسكرين ايدج', NULL, 125, 0, 0, 3, NULL, 0, '-', '2021-06-21 23:45:16', '2021-06-21 23:45:16'),
(6, '100000006', 'اسكرين ضد البصمة', NULL, 50, 0, 0, 3, NULL, 0, '-', '2021-06-21 23:50:01', '2021-06-21 23:50:01'),
(7, '100000007', 'اسكرين UV', NULL, 125, 0, 0, 3, NULL, 0, '-', '2021-06-21 23:51:09', '2021-06-21 23:51:09'),
(8, '100000008', 'اسكرين Uv 2', NULL, 150, 0, 0, 3, NULL, 0, '-', '2021-06-21 23:52:53', '2021-06-21 23:52:53'),
(9, '100000009', 'اسكرين Uv 3', NULL, 200, 0, 0, 3, NULL, 0, '-', '2021-06-21 23:53:22', '2021-06-21 23:53:22'),
(10, '100000010', 'اسكرين 8”', NULL, 80, 0, 0, 3, NULL, 0, '-', '2021-06-21 23:57:46', '2021-06-21 23:57:46'),
(11, '100000011', 'اسكرين 10”', NULL, 100, 0, 0, 3, NULL, 0, '-', '2021-06-21 23:58:37', '2021-06-21 23:58:37'),
(12, '100000012', 'اسكرين 7”', NULL, 70, 0, 0, 3, NULL, 0, '-', '2021-06-22 00:00:05', '2021-06-22 00:00:05'),
(13, '100000013', 'اسكرين بايلومير', NULL, 75, 0, 0, 3, NULL, 0, '-', '2021-06-22 00:01:20', '2021-06-22 00:01:20'),
(14, '100000014', 'جراب سيلكون', NULL, 50, 0, 0, 3, NULL, 0, '-', '2021-06-22 00:02:57', '2021-06-22 00:02:57'),
(15, '100000015', 'جراب سيلكون أصلي', NULL, 100, 0, 0, 3, NULL, 0, '-', '2021-06-22 00:04:33', '2021-06-22 00:04:33'),
(16, '100000016', 'جراب سيلكون قطيفة', NULL, 100, 0, 0, 3, NULL, 0, '-', '2021-06-22 00:05:27', '2021-06-22 00:05:27'),
(17, '100000017', 'جراب شفاف', NULL, 75, 0, 0, 3, NULL, 0, '-', '2021-06-22 00:06:30', '2021-06-22 00:06:30'),
(18, '100000018', 'جراب شفاف أصلي', NULL, 125, 0, 0, 3, NULL, 0, '-', '2021-06-22 00:07:14', '2021-06-22 00:07:14'),
(19, '100000019', 'جراب سيفتي', NULL, 150, 0, 0, 3, NULL, 0, '-', '2021-06-22 00:07:37', '2021-06-22 00:07:37'),
(20, '100000020', 'جراب أصلي منوع', NULL, 200, 0, 0, 3, NULL, 0, '-', '2021-06-22 00:08:10', '2021-06-22 00:08:10'),
(21, '100000021', 'جراب أصلي فاخر', NULL, 250, 0, 0, 3, NULL, 0, '-', '2021-06-22 00:09:17', '2021-06-22 00:09:17'),
(22, '100000022', 'جراب أصلي فاخر  2', NULL, 300, 0, 0, 3, NULL, 0, '-', '2021-06-22 00:10:22', '2021-06-22 00:10:22'),
(23, '100000023', 'جراب سامسونج فليب', NULL, 950, 0, 0, 3, NULL, 0, '-', '2021-06-22 00:11:49', '2021-06-22 00:11:49'),
(24, '100000024', 'جراب آي باد بادنج', NULL, 200, 0, 0, 3, NULL, 0, '-', '2021-06-22 00:15:41', '2021-06-22 00:15:41'),
(25, '100000025', 'وصلة cb456 vidvie', NULL, 60, 0, 0, 3, NULL, 0, '-', '2021-06-22 00:18:29', '2021-06-27 16:04:34'),
(26, '100000026', 'وصلة  مرنة vidvie', NULL, 75, 0, 0, 3, NULL, 0, '-', '2021-06-22 00:21:29', '2021-06-22 00:21:29'),
(27, '100000027', 'وصلة fast  vidvie', NULL, 125, 0, 0, 3, NULL, 0, '-', '2021-06-22 00:22:24', '2021-06-22 00:22:24'),
(28, '100000028', 'وصلة vidvie لايتنج', NULL, 125, 0, 0, 3, NULL, 0, '-', '2021-06-22 00:23:32', '2021-06-22 00:23:32'),
(29, '100000029', 'وصلة vidvie لايتنج مرنة', NULL, 150, 0, 0, 3, NULL, 0, '-', '2021-06-22 00:23:54', '2021-06-22 00:23:54'),
(30, '100000030', 'وصلة ldnio 2m iPh', NULL, 150, 0, 0, 3, NULL, 0, '-', '2021-06-22 00:26:14', '2021-06-22 00:26:14'),
(31, '100000031', 'وصلة Recci iPh', NULL, 100, 0, 0, 3, NULL, 0, '-', '2021-06-22 00:29:44', '2021-06-22 00:29:45'),
(32, '100000032', 'وصلة LDNIO s', NULL, 125, 0, 0, 3, NULL, 0, '-', '2021-06-22 00:31:21', '2021-06-22 00:31:21'),
(33, '100000033', 'وصلة شاحن data Remax iPh', NULL, 75, 0, 0, 3, NULL, 0, '-', '2021-06-22 00:38:33', '2021-06-27 20:29:59'),
(34, '100000034', 'وصلة wdc-070', NULL, 75, 0, 0, 3, NULL, 0, '-', '2021-06-22 00:39:53', '2021-06-27 16:53:52'),
(35, '100000035', 'وصلة شاحن', NULL, 50, 0, 0, 3, NULL, 0, '-', '2021-06-22 00:41:27', '2021-06-22 00:41:27'),
(36, '100000036', 'وصلة usb iPh org', NULL, 150, 0, 0, 3, NULL, 0, '-', '2021-06-22 00:43:31', '2021-06-22 00:43:31'),
(37, '100000037', 'وصلة iPh org usbc', NULL, 200, 0, 0, 3, NULL, 0, '-', '2021-06-22 00:44:02', '2021-06-22 00:44:02'),
(38, '100000038', 'وصلة شاحن', NULL, 75, 0, 0, 3, NULL, 0, '-', '2021-06-22 00:47:45', '2021-06-22 00:47:45'),
(39, '100000039', 'وصلة شاحن', NULL, 50, 0, 0, 3, NULL, 0, '-', '2021-06-22 00:48:06', '2021-06-22 00:48:06'),
(40, '100000040', 'جراب شفاف', NULL, 50, 0, 0, 3, NULL, 0, '-', '2021-06-22 00:48:38', '2021-06-22 00:48:38'),
(41, '100000041', 'هاند فري zo عرض', NULL, 20, 0, 0, 3, NULL, 0, '-', '2021-06-22 01:19:22', '2021-06-22 01:19:22'),
(42, '100000042', 'سماعة فيدفي كلاسك', NULL, 100, 0, 0, 3, NULL, 0, '-', '2021-06-22 01:20:14', '2021-06-22 01:20:14'),
(43, '100000043', 'سماعة فيدفي good', NULL, 100, 0, 0, 3, NULL, 0, '-', '2021-06-22 01:21:35', '2021-06-22 01:21:35'),
(44, '100000044', 'سماعة فيدفي عضم', NULL, 75, 0, 0, 3, NULL, 0, '-', '2021-06-22 01:25:00', '2021-06-22 01:25:00'),
(45, '100000045', 'سماعة VIDVIE HS639', NULL, 150, 0, 0, 3, NULL, 0, '-', '2021-06-22 01:25:27', '2021-06-27 18:20:28'),
(46, '100000046', 'سماعة blue R1', NULL, 125, 0, 0, 3, NULL, 0, '-', '2021-06-22 01:50:28', '2021-06-22 01:50:28'),
(47, '100000047', 'سماعة blue Bs22', NULL, 75, 0, 0, 3, NULL, 0, '-', '2021-06-22 01:51:19', '2021-06-22 01:51:19'),
(48, '100000048', 'سماعة blue m11', NULL, 75, 0, 0, 3, NULL, 0, '-', '2021-06-22 01:52:15', '2021-06-22 01:52:15'),
(49, '100000049', 'Celebrat tws - w9', NULL, 350, 0, 0, 3, NULL, 0, '-', '2021-06-22 02:14:40', '2021-06-27 18:10:46'),
(50, '100000050', 'Joyroom JR-T03s', NULL, 600, 0, 0, 3, NULL, 0, '-', '2021-06-22 02:17:18', '2021-06-27 18:28:44'),
(51, '100000051', 'Joyroom JR-TO3S pro', NULL, 950, 0, 0, 3, NULL, 0, '-', '2021-06-22 02:18:15', '2021-06-22 02:18:15'),
(52, '100000052', 'Yison TWS-T6', NULL, 350, 0, 0, 3, NULL, 0, '-', '2021-06-22 02:21:30', '2021-06-27 18:18:13'),
(53, '100000053', 'سماعة New Asia 01', NULL, 50, 0, 0, 3, NULL, 0, '-', '2021-06-22 02:32:10', '2021-06-22 02:32:10'),
(54, '100000054', 'سماعة New Asia 03', NULL, 50, 0, 0, 3, NULL, 0, '-', '2021-06-22 02:32:53', '2021-06-22 02:32:53'),
(55, '100000055', 'سماعة Blue D-37', NULL, 90, 0, 0, 3, NULL, 0, '-', '2021-06-22 02:33:41', '2021-06-22 02:33:41'),
(56, '100000056', 'سماعة Celebret g8', NULL, 90, 0, 0, 3, NULL, 0, '-', '2021-06-22 02:34:23', '2021-06-22 02:34:23'),
(57, '100000057', 'سماعة Celebret g7', NULL, 90, 0, 0, 3, NULL, 0, '-', '2021-06-22 02:35:04', '2021-06-22 02:35:04'),
(58, '100000058', 'شاحن سيارة فيدفي Cc02v', NULL, 150, 0, 0, 3, NULL, 0, '-', '2021-06-22 21:56:12', '2021-06-22 21:56:12'),
(59, '100000059', 'شاحن سيارة فيدفي  cc507', NULL, 150, 0, 0, 3, NULL, 0, '-', '2021-06-22 21:56:47', '2021-06-22 21:56:47'),
(60, '100000060', 'سماعة Earldom BH45', NULL, 250, 0, 0, 3, NULL, 0, '-', '2021-06-22 21:57:58', '2021-06-22 21:57:58'),
(61, '100000061', 'وصلة Remax سوسته', NULL, 75, 0, 0, 3, NULL, 0, '-', '2021-06-23 02:43:08', '2021-06-23 02:43:08'),
(62, '100000062', 'وصلة شاحن Remax rc-195', NULL, 100, 0, 0, 3, NULL, 0, '-', '2021-06-23 02:44:10', '2021-06-23 02:44:10'),
(63, '100000063', 'وصلة Remax dc', NULL, 75, 0, 0, 3, NULL, 0, '-', '2021-06-23 02:53:49', '2021-06-23 02:53:49'),
(64, '100000064', 'وصله LDINO LS63', NULL, 90, 0, 0, 3, NULL, 0, '-', '2021-06-23 02:55:24', '2021-06-27 02:49:27'),
(65, '100000065', 'وصلة Remax RC100', NULL, 125, 0, 0, 3, NULL, 0, '-', '2021-06-23 02:56:44', '2021-06-23 02:56:44'),
(66, '100000066', 'وصلة Remax RC080', NULL, 75, 0, 0, 3, NULL, 0, '-', '2021-06-23 02:57:59', '2021-06-23 02:57:59'),
(67, '100000067', 'وصلة Remax RC-119', NULL, 100, 0, 0, 3, NULL, 0, '-', '2021-06-23 03:01:33', '2021-06-23 03:01:33'),
(68, '100000068', 'شاحن TOP T-1', NULL, 100, 0, 0, 3, NULL, 0, '-', '2021-06-23 03:03:28', '2021-06-23 03:03:28'),
(69, '100000069', 'وصله LDINO LS372', NULL, 75, 0, 0, 3, NULL, 0, '-', '2021-06-23 03:05:13', '2021-06-23 03:05:13'),
(70, '100000070', 'شاحن LDNIO A2206', NULL, 100, 0, 0, 3, NULL, 0, '-', '2021-06-23 03:14:12', '2021-06-28 19:10:42'),
(71, '100000071', 'وصلة Remax RC-044', NULL, 75, 0, 0, 3, NULL, 0, '-', '2021-06-23 03:16:09', '2021-06-23 03:16:09'),
(72, '100000072', 'وصله LDINO LS361', NULL, 50, 0, 0, 3, NULL, 0, '-', '2021-06-23 03:17:13', '2021-06-23 03:17:13'),
(73, '100000073', 'وصلة WK WDC-089', NULL, 75, 0, 0, 3, NULL, 0, '-', '2021-06-23 03:20:04', '2021-06-27 16:54:28'),
(74, '100000074', 'وصلة VIDVIE CB433', NULL, 75, 0, 0, 3, NULL, 0, '-', '2021-06-23 03:22:14', '2021-06-28 18:53:59'),
(75, '100000075', 'وصله LDINO LS64', NULL, 150, 0, 0, 3, NULL, 0, '-', '2021-06-27 16:35:55', '2021-06-27 16:35:55'),
(76, '100000076', 'وصلة Remax RC159', NULL, 75, 0, 0, 3, NULL, 0, '-', '2021-06-27 16:45:26', '2021-06-27 16:45:26'),
(77, '100000077', 'شاحن VIDVIE PLE219', NULL, 125, 0, 0, 3, NULL, 0, '-', '2021-06-27 18:45:37', '2021-06-27 18:45:37'),
(78, '100000078', 'شاحن VIDVIE PLM305Q', NULL, 100, 0, 0, 3, NULL, 0, '-', '2021-06-27 18:47:25', '2021-06-27 18:47:25'),
(79, '100000079', 'وصلة EARLDOM EC-095M', NULL, 50, 0, 0, 3, NULL, 0, '-', '2021-06-27 18:50:41', '2021-06-27 18:50:41'),
(80, '100000080', 'AUX VIDVIE AL1105', NULL, 75, 0, 0, 3, NULL, 0, '-', '2021-06-27 19:32:58', '2021-06-27 19:32:58'),
(81, '100000081', 'USB-C 20W ADAPTER', NULL, 450, 0, 0, 3, NULL, 0, '-', '2021-06-27 19:39:14', '2021-06-27 19:39:14'),
(82, '100000082', '2 USB-C 20W ADAPTER', NULL, 250, 0, 0, 3, NULL, 0, '-', '2021-06-27 19:40:25', '2021-06-27 19:40:25'),
(83, '100000083', 'USB-C 20W ADAPTER 3', NULL, 300, 0, 0, 3, NULL, 0, '-', '2021-06-27 19:41:29', '2021-06-27 19:41:29'),
(84, '100000084', '45W USB-C TRAVEL ADAPTER', NULL, 350, 0, 0, 3, NULL, 0, '-', '2021-06-27 19:44:23', '2021-06-27 19:44:23'),
(85, '100000085', '25W USB-C TRAVEL ADAPTER', NULL, 200, 0, 0, 3, NULL, 0, '-', '2021-06-27 19:50:39', '2021-06-27 19:50:39'),
(86, '100000086', 'Apple USB-C Power adapter 20W', NULL, 500, 0, 0, 3, NULL, 0, '-', '2021-06-27 19:54:53', '2021-06-27 19:54:53'),
(87, '100000087', 'Apple USB-C Power 2 adapter 20W', NULL, 300, 0, 0, 3, NULL, 0, '-', '2021-06-27 19:57:42', '2021-06-27 19:57:42'),
(88, '100000088', 'USB Power adapter MD813ZM/A', NULL, 150, 0, 0, 3, NULL, 0, '-', '2021-06-27 20:02:57', '2021-06-27 20:02:57'),
(89, '100000089', 'PD FAST CHARGER 45W', NULL, 250, 0, 0, 3, NULL, 0, '-', '2021-06-27 20:08:10', '2021-06-27 20:11:00'),
(90, '100000090', 'وصلة Recci RCL-P200', NULL, 75, 0, 0, 3, NULL, 0, '-', '2021-06-27 20:17:24', '2021-06-27 20:17:24'),
(91, '100000091', 'شاحن CARGADOR SAMSUNG S10', NULL, 150, 0, 0, 3, NULL, 0, '-', '2021-06-27 20:20:33', '2021-06-27 20:20:33'),
(92, '100000092', 'شاحن  USB-C 25W Super Fast', NULL, 200, 0, 0, 3, NULL, 0, '-', '2021-06-27 20:26:04', '2021-06-27 20:26:04'),
(93, '100000093', 'وصلة  DENMEN D01V', NULL, 35, 0, 0, 3, NULL, 0, '-', '2021-06-28 15:30:50', '2021-06-28 15:30:50'),
(94, '100000094', 'وصلة 2.4A x-scoot', NULL, 90, 0, 0, 3, NULL, 0, '-', '2021-06-28 15:37:08', '2021-06-28 15:37:08'),
(95, '100000095', 'وصلة Remax RC-139 Super', NULL, 50, 0, 0, 3, NULL, 0, '-', '2021-06-28 15:40:34', '2021-06-28 15:40:34'),
(96, '100000096', 'وصلة  VIDVIE CB427', NULL, 75, 0, 0, 3, NULL, 0, '-', '2021-06-28 15:43:57', '2021-06-28 15:43:57'),
(97, '100000097', 'وصلة Vidvie CB412', NULL, 50, 0, 0, 3, NULL, 0, '-', '2021-06-28 15:50:21', '2021-08-06 19:44:08'),
(98, '100000098', 'شاحن LDNIO DL-AC200', NULL, 50, 0, 0, 3, NULL, 0, '-', '2021-06-28 15:54:30', '2021-06-28 15:54:30'),
(99, '100000099', 'وصلة WK WDC-049', NULL, 75, 0, 0, 3, NULL, 0, '-', '2021-06-28 16:03:03', '2021-06-28 16:03:03'),
(100, '100000100', 'وصلة hoco X1', NULL, 50, 0, 0, 3, NULL, 0, '-', '2021-06-28 16:08:58', '2021-06-28 16:08:58'),
(101, '100000101', 'اسكرين 1', NULL, 25, 0, 0, 3, NULL, 0, '-', '2021-06-28 16:48:57', '2021-06-28 16:48:57'),
(102, '100000102', 'اسكرين 2', NULL, 35, 0, 0, 3, NULL, 0, '-', '2021-06-28 16:49:29', '2021-06-28 16:49:29'),
(103, '100000103', 'اسكرين 3', NULL, 40, 0, 0, 3, NULL, 0, '-', '2021-06-28 16:49:53', '2021-06-28 16:49:53'),
(104, '100000104', 'اسكرين 5', NULL, 100, 0, 0, 3, NULL, 0, '-', '2021-06-28 17:00:28', '2021-06-28 17:00:28'),
(105, '100000105', 'وصلة Remax Tengy RC-062', NULL, 50, 0, 0, 3, NULL, 0, '-', '2021-06-28 19:06:43', '2021-06-28 19:06:43'),
(106, '100000106', 'Kingston 64GB MicroSD', NULL, 250, 0, 0, 3, NULL, 0, '-', '2021-07-20 01:41:32', '2021-07-20 01:41:32'),
(107, '100000107', 'Kingston SDCS2/32GB', NULL, 140, 0, 0, 3, NULL, 0, '-', '2021-07-20 01:51:59', '2021-07-20 01:51:59'),
(108, '100000108', 'Kingston 128 GB SD', NULL, 325, 0, 0, 3, NULL, 0, '-', '2021-07-20 01:56:27', '2021-07-20 01:56:27'),
(109, '100000109', 'kingston-16gb-microsd', NULL, 90, 0, 0, 3, NULL, 0, '-', '2021-07-20 01:59:54', '2021-07-20 01:59:54'),
(110, '100000110', 'X TREME 8 GB SD', NULL, 75, 0, 0, 3, NULL, 0, '-', '2021-07-20 02:01:35', '2021-07-20 02:01:35'),
(111, '100000111', 'kingston-64gb-exodia-usb', NULL, 250, 0, 0, 5, NULL, 0, '-', '2021-07-20 02:05:37', '2021-07-20 02:05:37'),
(112, '100000112', 'Kingston Dt50/128Gb Usb', NULL, 350, 0, 0, 5, NULL, 0, '-', '2021-07-20 02:08:59', '2021-07-20 02:08:59'),
(113, '100000113', 'MICRO SD 8 GB', NULL, 65, 0, 0, 3, NULL, 0, '-', '2021-07-20 02:16:12', '2021-07-20 02:16:12'),
(114, '100000114', 'Kingston  32GB USB 3.1', NULL, 140, 0, 0, 5, NULL, 0, '-', '2021-07-20 02:20:39', '2021-07-20 02:20:39'),
(115, '100000115', 'Flash Memory 8GB', NULL, 65, 0, 0, 5, NULL, 0, '-', '2021-07-20 02:24:56', '2021-07-20 02:24:56'),
(116, '100000116', 'Flash Memory 16GB', NULL, 90, 0, 0, 5, NULL, 0, '-', '2021-07-20 02:29:58', '2021-07-20 02:29:58'),
(117, '100000117', 'MICRO SD 4 GB', NULL, 50, 0, 0, 3, NULL, 0, '-', '2021-07-20 02:37:18', '2021-07-20 02:37:18'),
(118, '100000118', 'WDC-092i 2m', NULL, 75, 0, 0, 3, NULL, 0, '20', '2021-07-22 21:40:03', '2021-07-22 21:41:39'),
(119, '100000119', 'REMAX  2.1A RC-161I', NULL, 50, 0, 0, 3, NULL, 0, '-', '2021-07-22 21:45:31', '2021-07-22 21:45:31'),
(120, '100000120', 'وصلة WK WDC-032i 3m', NULL, 100, 0, 0, 3, NULL, 0, '22', '2021-07-22 21:51:25', '2021-07-22 21:51:25'),
(121, '100000121', 'VIDVIE CB466i', NULL, 75, 0, 0, 3, NULL, 0, NULL, '2021-07-23 00:01:47', '2021-08-06 20:09:54'),
(122, '100000122', 'LDNIO 1m  Type-c - Ls431', NULL, 90, 0, 0, 3, NULL, 0, '-', '2021-07-23 00:09:06', '2021-07-23 00:09:06'),
(123, '100000123', 'Remax RC-156i Magnets', NULL, 150, 0, 0, 3, NULL, 0, '-', '2021-07-23 00:50:19', '2021-07-23 00:50:19'),
(124, '100000124', 'wdc-114m pro', NULL, 150, 0, 0, 3, NULL, 0, '-', '2021-07-23 01:38:50', '2021-07-23 01:38:50'),
(125, '100000125', 'vidvie cb450v', NULL, 50, 0, 0, 3, NULL, 0, '-', '2021-07-25 23:21:12', '2021-07-25 23:21:12'),
(126, '100000126', 'CABLE VIDVIE CB442 TC', NULL, 65, 0, 0, 3, NULL, 0, '-', '2021-07-26 01:20:06', '2021-08-06 19:33:51'),
(127, '100000127', 'XS MSX 64GB B83% 2SIM', NULL, 8700, 0, 0, 1, NULL, 0, '-', '2021-08-06 19:36:09', '2021-08-06 19:36:09'),
(128, '100000128', 'CABLE VIDVIE CB442I', NULL, 75, 0, 0, 3, NULL, 0, '-', '2021-08-06 19:52:07', '2021-08-06 19:52:07'),
(129, '100000129', 'Remax_075i', NULL, 50, 0, 0, 3, NULL, 0, '-', '2021-08-06 20:22:13', '2021-08-06 20:22:13'),
(130, '100000130', 'Remax  3in 1', NULL, 100, 0, 0, 3, NULL, 0, '-', '2021-08-06 20:32:54', '2021-08-06 20:32:54'),
(131, '100000131', 'CABLE VIDVIE CB433 v', NULL, 75, 0, 0, 3, NULL, 0, '-', '2021-08-06 20:42:26', '2021-08-06 20:42:26'),
(132, '100000132', 'LDNIO 7color Type-c - LS481', NULL, 100, 0, 0, 3, NULL, 0, '-', '2021-08-06 20:47:39', '2021-08-06 20:47:39'),
(133, '100000133', 'هد 3TECH   _TW201_W', NULL, 75, 0, 0, 3, NULL, 0, '-', '2021-08-11 00:03:37', '2021-08-11 00:03:37'),
(134, '100000134', 'هد 3TECH   _TW101', NULL, 65, 0, 0, 3, NULL, 0, '-', '2021-08-11 00:03:40', '2021-08-11 00:13:25'),
(135, '100000135', 'هد3 TECH_5A', NULL, 90, 0, 0, 3, NULL, 0, '-', '2021-08-11 00:16:42', '2021-08-11 00:16:42'),
(136, '100000136', 'وصله 3_TECH _TL300', NULL, 125, 0, 0, 3, NULL, 0, '-', '2021-08-11 00:20:08', '2021-08-11 00:20:08'),
(137, '100000137', '3TECH _وصله _ TT201', NULL, 75, 0, 0, 3, NULL, 0, '-', '2021-08-11 00:23:12', '2021-08-11 00:23:12'),
(138, '100000138', 'سماعه CORN الوان', NULL, 50, 0, 0, 3, NULL, 0, '-', '2021-08-11 00:29:10', '2021-08-11 00:29:10'),
(139, '100000139', 'وصله CORN الوان', NULL, 35, 0, 0, 3, NULL, 0, '-', '2021-08-11 00:31:47', '2021-08-11 00:31:47'),
(140, '100000140', 'ماوس سلك', NULL, 45, 0, 0, 5, NULL, 0, '-', '2022-02-13 01:24:21', '2022-02-13 01:24:21');

-- --------------------------------------------------------

--
-- Table structure for table `product_stores`
--

CREATE TABLE `product_stores` (
  `id` int(10) UNSIGNED NOT NULL,
  `store_id` int(10) UNSIGNED NOT NULL,
  `product_id` bigint(20) UNSIGNED NOT NULL,
  `available_quantity` int(10) UNSIGNED NOT NULL DEFAULT '0',
  `created_at` timestamp NOT NULL DEFAULT CURRENT_TIMESTAMP,
  `updated_at` timestamp NOT NULL DEFAULT CURRENT_TIMESTAMP
) ENGINE=InnoDB DEFAULT CHARSET=utf8mb4;

--
-- Dumping data for table `product_stores`
--

INSERT INTO `product_stores` (`id`, `store_id`, `product_id`, `available_quantity`, `created_at`, `updated_at`) VALUES
(1, 1, 1, 98, '2021-06-21 23:39:31', '2021-07-03 03:33:18'),
(2, 2, 1, 1, '2021-06-21 23:39:31', '2021-07-03 03:27:39'),
(3, 1, 2, 98, '2021-06-21 23:42:06', '2021-06-26 18:34:16'),
(4, 2, 2, 0, '2021-06-21 23:42:06', '2021-06-21 23:42:06'),
(5, 1, 3, 100, '2021-06-21 23:42:42', '2021-06-21 23:42:42'),
(6, 2, 3, 0, '2021-06-21 23:42:42', '2021-06-21 23:42:42'),
(7, 1, 4, 0, '2021-06-21 23:42:44', '2021-06-21 23:42:44'),
(8, 2, 4, 0, '2021-06-21 23:42:44', '2021-06-21 23:42:44'),
(9, 1, 5, 0, '2021-06-21 23:45:16', '2021-06-21 23:45:16'),
(10, 2, 5, 0, '2021-06-21 23:45:16', '2021-06-21 23:45:16'),
(11, 1, 6, 0, '2021-06-21 23:50:01', '2021-06-21 23:50:01'),
(12, 2, 6, 0, '2021-06-21 23:50:01', '2021-06-21 23:50:01'),
(13, 1, 7, 0, '2021-06-21 23:51:09', '2021-06-21 23:51:09'),
(14, 2, 7, 0, '2021-06-21 23:51:09', '2021-06-21 23:51:09'),
(15, 1, 8, 0, '2021-06-21 23:52:53', '2021-06-21 23:52:53'),
(16, 2, 8, 0, '2021-06-21 23:52:53', '2021-06-21 23:52:53'),
(17, 1, 9, 0, '2021-06-21 23:53:22', '2021-06-21 23:53:22'),
(18, 2, 9, 0, '2021-06-21 23:53:22', '2021-06-21 23:53:22'),
(19, 1, 10, 0, '2021-06-21 23:57:46', '2021-06-21 23:57:46'),
(20, 2, 10, 0, '2021-06-21 23:57:46', '2021-06-21 23:57:46'),
(21, 1, 11, 0, '2021-06-21 23:58:37', '2021-06-21 23:58:37'),
(22, 2, 11, 0, '2021-06-21 23:58:37', '2021-06-21 23:58:37'),
(23, 1, 12, 0, '2021-06-22 00:00:05', '2021-06-22 00:00:05'),
(24, 2, 12, 0, '2021-06-22 00:00:05', '2021-06-22 00:00:05'),
(25, 1, 13, 0, '2021-06-22 00:01:20', '2021-06-22 00:01:20'),
(26, 2, 13, 0, '2021-06-22 00:01:20', '2021-06-22 00:01:20'),
(27, 1, 14, 0, '2021-06-22 00:02:57', '2021-06-22 00:02:57'),
(28, 2, 14, 0, '2021-06-22 00:02:57', '2021-06-22 00:02:57'),
(29, 1, 15, 0, '2021-06-22 00:04:33', '2021-06-22 00:04:33'),
(30, 2, 15, 0, '2021-06-22 00:04:33', '2021-06-22 00:04:33'),
(31, 1, 16, 0, '2021-06-22 00:05:27', '2021-06-22 00:05:27'),
(32, 2, 16, 0, '2021-06-22 00:05:27', '2021-06-22 00:05:27'),
(33, 1, 17, 0, '2021-06-22 00:06:30', '2021-06-22 00:06:30'),
(34, 2, 17, 0, '2021-06-22 00:06:30', '2021-06-22 00:06:30'),
(35, 1, 18, 0, '2021-06-22 00:07:14', '2021-06-22 00:07:14'),
(36, 2, 18, 0, '2021-06-22 00:07:14', '2021-06-22 00:07:14'),
(37, 1, 19, 0, '2021-06-22 00:07:37', '2021-06-22 00:07:37'),
(38, 2, 19, 0, '2021-06-22 00:07:37', '2021-06-22 00:07:37'),
(39, 1, 20, 0, '2021-06-22 00:08:10', '2021-06-22 00:08:10'),
(40, 2, 20, 0, '2021-06-22 00:08:10', '2021-06-22 00:08:10'),
(41, 1, 21, 0, '2021-06-22 00:09:17', '2021-06-22 00:09:17'),
(42, 2, 21, 0, '2021-06-22 00:09:17', '2021-06-22 00:09:17'),
(43, 1, 22, 0, '2021-06-22 00:10:22', '2021-06-22 00:10:22'),
(44, 2, 22, 0, '2021-06-22 00:10:22', '2021-06-22 00:10:22'),
(45, 1, 23, 0, '2021-06-22 00:11:49', '2021-06-22 00:11:49'),
(46, 2, 23, 0, '2021-06-22 00:11:49', '2021-06-22 00:11:49'),
(47, 1, 24, 0, '2021-06-22 00:15:41', '2021-06-22 00:15:41'),
(48, 2, 24, 0, '2021-06-22 00:15:41', '2021-06-22 00:15:41'),
(49, 1, 25, 50, '2021-06-22 00:18:29', '2021-06-27 16:04:34'),
(50, 2, 25, 0, '2021-06-22 00:18:29', '2021-06-22 00:18:29'),
(51, 1, 26, 97, '2021-06-22 00:21:29', '2021-06-26 19:11:08'),
(52, 2, 26, 0, '2021-06-22 00:21:29', '2021-06-22 00:21:29'),
(53, 1, 27, 0, '2021-06-22 00:22:24', '2021-06-22 00:22:24'),
(54, 2, 27, 0, '2021-06-22 00:22:24', '2021-06-22 00:22:24'),
(55, 1, 28, 0, '2021-06-22 00:23:32', '2021-06-22 00:23:32'),
(56, 2, 28, 0, '2021-06-22 00:23:32', '2021-06-22 00:23:32'),
(57, 1, 29, 0, '2021-06-22 00:23:54', '2021-06-22 00:23:54'),
(58, 2, 29, 0, '2021-06-22 00:23:54', '2021-06-22 00:23:54'),
(59, 1, 30, 0, '2021-06-22 00:26:14', '2021-06-22 00:26:14'),
(60, 2, 30, 0, '2021-06-22 00:26:14', '2021-06-22 00:26:14'),
(61, 1, 31, 0, '2021-06-22 00:29:45', '2021-06-22 00:29:45'),
(62, 2, 31, 0, '2021-06-22 00:29:45', '2021-06-22 00:29:45'),
(63, 1, 32, 0, '2021-06-22 00:31:21', '2021-06-22 00:31:21'),
(64, 2, 32, 0, '2021-06-22 00:31:21', '2021-06-22 00:31:21'),
(65, 1, 33, 62, '2021-06-22 00:38:33', '2021-06-27 20:41:05'),
(66, 2, 33, 0, '2021-06-22 00:38:33', '2021-06-22 00:38:33'),
(67, 1, 34, 39, '2021-06-22 00:39:53', '2021-06-27 18:36:49'),
(68, 2, 34, 0, '2021-06-22 00:39:53', '2021-06-22 00:39:53'),
(69, 1, 35, 0, '2021-06-22 00:41:27', '2021-06-22 00:41:27'),
(70, 2, 35, 0, '2021-06-22 00:41:27', '2021-06-22 00:41:27'),
(71, 1, 36, 0, '2021-06-22 00:43:31', '2021-06-22 00:43:31'),
(72, 2, 36, 0, '2021-06-22 00:43:31', '2021-06-22 00:43:31'),
(73, 1, 37, 0, '2021-06-22 00:44:02', '2021-06-22 00:44:02'),
(74, 2, 37, 0, '2021-06-22 00:44:02', '2021-06-22 00:44:02'),
(75, 1, 38, 0, '2021-06-22 00:47:45', '2021-06-22 00:47:45'),
(76, 2, 38, 0, '2021-06-22 00:47:45', '2021-06-22 00:47:45'),
(77, 1, 39, 0, '2021-06-22 00:48:06', '2021-06-22 00:48:06'),
(78, 2, 39, 0, '2021-06-22 00:48:06', '2021-06-22 00:48:06'),
(79, 1, 40, 0, '2021-06-22 00:48:38', '2021-06-22 00:48:38'),
(80, 2, 40, 0, '2021-06-22 00:48:38', '2021-06-22 00:48:38'),
(81, 1, 41, 0, '2021-06-22 01:19:22', '2021-06-22 01:19:22'),
(82, 2, 41, 0, '2021-06-22 01:19:22', '2021-06-22 01:19:22'),
(83, 1, 42, 0, '2021-06-22 01:20:14', '2021-06-22 01:20:14'),
(84, 2, 42, 0, '2021-06-22 01:20:14', '2021-06-22 01:20:14'),
(85, 1, 43, 0, '2021-06-22 01:21:35', '2021-06-22 01:21:35'),
(86, 2, 43, 0, '2021-06-22 01:21:35', '2021-06-22 01:21:35'),
(87, 1, 44, 0, '2021-06-22 01:25:00', '2021-06-22 01:25:00'),
(88, 2, 44, 0, '2021-06-22 01:25:00', '2021-06-22 01:25:00'),
(89, 1, 45, 6, '2021-06-22 01:25:27', '2021-06-28 17:18:33'),
(90, 2, 45, 0, '2021-06-22 01:25:27', '2021-06-22 01:25:27'),
(91, 1, 46, 0, '2021-06-22 01:50:28', '2021-06-22 01:50:28'),
(92, 2, 46, 0, '2021-06-22 01:50:28', '2021-06-22 01:50:28'),
(93, 1, 47, 8, '2021-06-22 01:51:19', '2021-06-27 18:40:29'),
(94, 2, 47, 0, '2021-06-22 01:51:19', '2021-06-22 01:51:19'),
(95, 1, 48, 2, '2021-06-22 01:52:15', '2021-06-27 18:42:24'),
(96, 2, 48, 0, '2021-06-22 01:52:15', '2021-06-22 01:52:15'),
(97, 1, 49, 2, '2021-06-22 02:14:40', '2021-06-27 18:10:46'),
(98, 2, 49, 0, '2021-06-22 02:14:40', '2021-06-22 02:14:40'),
(99, 1, 50, 1, '2021-06-22 02:17:18', '2021-06-27 18:28:44'),
(100, 2, 50, 0, '2021-06-22 02:17:18', '2021-06-22 02:17:18'),
(101, 1, 51, 1, '2021-06-22 02:18:15', '2021-06-27 18:29:55'),
(102, 2, 51, 0, '2021-06-22 02:18:15', '2021-06-22 02:18:15'),
(103, 1, 52, 2, '2021-06-22 02:21:30', '2021-06-27 18:18:13'),
(104, 2, 52, 0, '2021-06-22 02:21:30', '2021-06-22 02:21:30'),
(105, 1, 53, 0, '2021-06-22 02:32:10', '2021-06-22 02:32:10'),
(106, 2, 53, 0, '2021-06-22 02:32:10', '2021-06-22 02:32:10'),
(107, 1, 54, 0, '2021-06-22 02:32:53', '2021-06-22 02:32:53'),
(108, 2, 54, 0, '2021-06-22 02:32:53', '2021-06-22 02:32:53'),
(109, 1, 55, 0, '2021-06-22 02:33:41', '2021-06-22 02:33:41'),
(110, 2, 55, 0, '2021-06-22 02:33:41', '2021-06-22 02:33:41'),
(111, 1, 56, 0, '2021-06-22 02:34:23', '2021-06-22 02:34:23'),
(112, 2, 56, 0, '2021-06-22 02:34:23', '2021-06-22 02:34:23'),
(113, 1, 57, 0, '2021-06-22 02:35:04', '2021-06-22 02:35:04'),
(114, 2, 57, 0, '2021-06-22 02:35:04', '2021-06-22 02:35:04'),
(115, 1, 58, 0, '2021-06-22 21:56:12', '2021-06-22 21:56:12'),
(116, 2, 58, 0, '2021-06-22 21:56:12', '2021-06-22 21:56:12'),
(117, 1, 59, 0, '2021-06-22 21:56:47', '2021-06-22 21:56:47'),
(118, 2, 59, 0, '2021-06-22 21:56:47', '2021-06-22 21:56:47'),
(119, 1, 60, 1, '2021-06-22 21:57:58', '2021-06-27 18:33:01'),
(120, 2, 60, 0, '2021-06-22 21:57:58', '2021-06-22 21:57:58'),
(121, 1, 61, 0, '2021-06-23 02:43:08', '2021-06-23 02:43:08'),
(122, 2, 61, 0, '2021-06-23 02:43:08', '2021-06-23 02:43:08'),
(123, 1, 62, 0, '2021-06-23 02:44:10', '2021-06-23 02:44:10'),
(124, 2, 62, 0, '2021-06-23 02:44:10', '2021-06-23 02:44:10'),
(125, 1, 63, 0, '2021-06-23 02:53:49', '2021-06-23 02:53:49'),
(126, 2, 63, 0, '2021-06-23 02:53:49', '2021-06-23 02:53:49'),
(127, 1, 64, 37, '2021-06-23 02:55:24', '2021-06-27 02:47:06'),
(128, 2, 64, 0, '2021-06-23 02:55:24', '2021-06-23 02:55:24'),
(129, 1, 65, 25, '2021-06-23 02:56:44', '2021-06-27 16:19:18'),
(130, 2, 65, 0, '2021-06-23 02:56:44', '2021-06-23 02:56:44'),
(131, 1, 66, 66, '2021-06-23 02:57:59', '2021-06-27 20:54:28'),
(132, 2, 66, 0, '2021-06-23 02:57:59', '2021-06-23 02:57:59'),
(133, 1, 67, 11, '2021-06-23 03:01:33', '2021-07-04 21:26:57'),
(134, 2, 67, 5, '2021-06-23 03:01:33', '2021-07-04 20:41:08'),
(135, 1, 68, 13, '2021-06-23 03:03:28', '2021-07-04 21:26:57'),
(136, 2, 68, 0, '2021-06-23 03:03:28', '2021-06-23 03:03:28'),
(137, 1, 69, 16, '2021-06-23 03:05:13', '2021-07-04 21:26:57'),
(138, 2, 69, 0, '2021-06-23 03:05:13', '2021-06-23 03:05:13'),
(139, 1, 70, 11, '2021-06-23 03:14:12', '2021-06-28 19:10:42'),
(140, 2, 70, 0, '2021-06-23 03:14:12', '2021-06-23 03:14:12'),
(141, 1, 71, 0, '2021-06-23 03:16:09', '2021-06-23 03:16:09'),
(142, 2, 71, 0, '2021-06-23 03:16:09', '2021-06-23 03:16:09'),
(143, 1, 72, 0, '2021-06-23 03:17:13', '2021-06-23 03:17:13'),
(144, 2, 72, 0, '2021-06-23 03:17:13', '2021-06-23 03:17:13'),
(145, 1, 73, 19, '2021-06-23 03:20:04', '2021-07-04 20:51:08'),
(146, 2, 73, 5, '2021-06-23 03:20:04', '2021-07-04 20:42:26'),
(147, 1, 74, 28, '2021-06-23 03:22:14', '2021-06-28 18:53:59'),
(148, 2, 74, 0, '2021-06-23 03:22:14', '2021-06-23 03:22:14'),
(149, 1, 75, 67, '2021-06-27 16:35:55', '2021-06-27 19:15:11'),
(150, 2, 75, 0, '2021-06-27 16:35:55', '2021-06-27 16:35:55'),
(151, 1, 76, 30, '2021-06-27 16:45:26', '2021-06-27 19:15:11'),
(152, 2, 76, 0, '2021-06-27 16:45:26', '2021-06-27 16:45:26'),
(153, 1, 77, 20, '2021-06-27 18:45:37', '2021-06-27 19:15:11'),
(154, 2, 77, 0, '2021-06-27 18:45:37', '2021-06-27 18:45:37'),
(155, 1, 78, 8, '2021-06-27 18:47:25', '2021-07-10 05:00:45'),
(156, 2, 78, 0, '2021-06-27 18:47:25', '2021-06-27 18:47:25'),
(157, 1, 79, 39, '2021-06-27 18:50:41', '2021-07-04 21:26:57'),
(158, 2, 79, 0, '2021-06-27 18:50:41', '2021-06-27 18:50:41'),
(159, 1, 80, 42, '2021-06-27 19:32:58', '2021-06-27 19:32:58'),
(160, 2, 80, 0, '2021-06-27 19:32:58', '2021-06-27 19:32:58'),
(161, 1, 81, 3, '2021-06-27 19:39:14', '2021-06-27 19:39:14'),
(162, 2, 81, 0, '2021-06-27 19:39:14', '2021-06-27 19:39:14'),
(163, 1, 82, 4, '2021-06-27 19:40:25', '2021-06-27 19:40:25'),
(164, 2, 82, 0, '2021-06-27 19:40:25', '2021-06-27 19:40:25'),
(165, 1, 83, 4, '2021-06-27 19:41:29', '2021-06-27 19:41:29'),
(166, 2, 83, 0, '2021-06-27 19:41:29', '2021-06-27 19:41:29'),
(167, 1, 84, 5, '2021-06-27 19:44:23', '2021-06-27 19:49:15'),
(168, 2, 84, 0, '2021-06-27 19:44:23', '2021-06-27 19:44:23'),
(169, 1, 85, 7, '2021-06-27 19:50:39', '2021-06-27 19:50:39'),
(170, 2, 85, 0, '2021-06-27 19:50:39', '2021-06-27 19:50:39'),
(171, 1, 86, 4, '2021-06-27 19:54:53', '2021-06-27 19:54:53'),
(172, 2, 86, 0, '2021-06-27 19:54:53', '2021-06-27 19:54:53'),
(173, 1, 87, 1, '2021-06-27 19:57:42', '2021-07-04 21:26:57'),
(174, 2, 87, 0, '2021-06-27 19:57:42', '2021-06-27 19:57:42'),
(175, 1, 88, 10, '2021-06-27 20:02:57', '2021-06-27 20:03:21'),
(176, 2, 88, 0, '2021-06-27 20:02:57', '2021-06-27 20:02:57'),
(177, 1, 89, 3, '2021-06-27 20:08:10', '2021-06-27 20:08:10'),
(178, 2, 89, 0, '2021-06-27 20:08:10', '2021-06-27 20:08:10'),
(179, 1, 90, 22, '2021-06-27 20:17:24', '2021-06-27 20:17:24'),
(180, 2, 90, 0, '2021-06-27 20:17:24', '2021-06-27 20:17:24'),
(181, 1, 91, 7, '2021-06-27 20:20:33', '2021-06-28 16:14:34'),
(182, 2, 91, 0, '2021-06-27 20:20:33', '2021-06-27 20:20:33'),
(183, 1, 92, 5, '2021-06-27 20:26:04', '2021-06-27 20:26:04'),
(184, 2, 92, 0, '2021-06-27 20:26:04', '2021-06-27 20:26:04'),
(185, 1, 93, 19, '2021-06-28 15:30:50', '2021-06-28 15:30:50'),
(186, 2, 93, 0, '2021-06-28 15:30:50', '2021-06-28 15:30:50'),
(187, 1, 94, 7, '2021-06-28 15:37:08', '2021-06-28 15:37:08'),
(188, 2, 94, 0, '2021-06-28 15:37:08', '2021-06-28 15:37:08'),
(189, 1, 95, 21, '2021-06-28 15:40:34', '2021-06-28 15:40:34'),
(190, 2, 95, 0, '2021-06-28 15:40:34', '2021-06-28 15:40:34'),
(191, 1, 96, 17, '2021-06-28 15:43:57', '2021-06-28 15:48:50'),
(192, 2, 96, 0, '2021-06-28 15:43:57', '2021-06-28 15:43:57'),
(193, 1, 97, 94, '2021-06-28 15:50:21', '2021-06-28 19:13:08'),
(194, 2, 97, 0, '2021-06-28 15:50:21', '2021-06-28 15:50:21'),
(195, 1, 98, 17, '2021-06-28 15:54:30', '2021-06-28 17:18:33'),
(196, 2, 98, 0, '2021-06-28 15:54:30', '2021-06-28 15:54:30'),
(197, 1, 99, 5, '2021-06-28 16:03:03', '2021-06-28 16:03:03'),
(198, 2, 99, 0, '2021-06-28 16:03:03', '2021-06-28 16:03:03'),
(199, 1, 100, 14, '2021-06-28 16:08:58', '2021-06-28 16:08:58'),
(200, 2, 100, 0, '2021-06-28 16:08:58', '2021-06-28 16:08:58'),
(201, 1, 101, 100, '2021-06-28 16:48:57', '2021-06-28 16:48:57'),
(202, 2, 101, 0, '2021-06-28 16:48:57', '2021-06-28 16:48:57'),
(203, 1, 102, 100, '2021-06-28 16:49:29', '2021-06-28 16:49:29'),
(204, 2, 102, 0, '2021-06-28 16:49:29', '2021-06-28 16:49:29'),
(205, 1, 103, 100, '2021-06-28 16:49:53', '2021-06-28 16:49:53'),
(206, 2, 103, 0, '2021-06-28 16:49:53', '2021-06-28 16:49:53'),
(207, 1, 104, 100, '2021-06-28 17:00:28', '2021-06-28 17:00:28'),
(208, 2, 104, 0, '2021-06-28 17:00:28', '2021-06-28 17:00:28'),
(209, 1, 105, 61, '2021-06-28 19:06:43', '2021-06-28 19:06:43'),
(210, 2, 105, 0, '2021-06-28 19:06:43', '2021-06-28 19:06:43'),
(211, 1, 106, 27, '2021-07-20 01:41:32', '2021-07-20 01:41:32'),
(212, 2, 106, 0, '2021-07-20 01:41:32', '2021-07-20 01:41:32'),
(213, 1, 107, 23, '2021-07-20 01:51:59', '2021-07-20 01:51:59'),
(214, 2, 107, 0, '2021-07-20 01:51:59', '2021-07-20 01:51:59'),
(215, 1, 108, 9, '2021-07-20 01:56:27', '2021-07-20 01:56:27'),
(216, 2, 108, 0, '2021-07-20 01:56:27', '2021-07-20 01:56:27'),
(217, 1, 109, 1, '2021-07-20 01:59:54', '2021-07-20 01:59:54'),
(218, 2, 109, 0, '2021-07-20 01:59:54', '2021-07-20 01:59:54'),
(219, 1, 110, 19, '2021-07-20 02:01:35', '2021-07-20 02:01:35'),
(220, 2, 110, 0, '2021-07-20 02:01:35', '2021-07-20 02:01:35'),
(221, 1, 111, 10, '2021-07-20 02:05:37', '2021-07-20 02:05:37'),
(222, 2, 111, 0, '2021-07-20 02:05:37', '2021-07-20 02:05:37'),
(223, 1, 112, 5, '2021-07-20 02:08:59', '2021-07-20 02:08:59'),
(224, 2, 112, 0, '2021-07-20 02:08:59', '2021-07-20 02:08:59'),
(225, 1, 113, 5, '2021-07-20 02:16:12', '2021-07-20 02:16:44'),
(226, 2, 113, 0, '2021-07-20 02:16:12', '2021-07-20 02:16:12'),
(227, 1, 114, 11, '2021-07-20 02:20:39', '2021-07-20 02:20:39'),
(228, 2, 114, 0, '2021-07-20 02:20:39', '2021-07-20 02:20:39'),
(229, 1, 115, 21, '2021-07-20 02:24:56', '2021-07-20 02:24:56'),
(230, 2, 115, 0, '2021-07-20 02:24:56', '2021-07-20 02:24:56'),
(231, 1, 116, 24, '2021-07-20 02:29:58', '2021-07-20 02:29:58'),
(232, 2, 116, 0, '2021-07-20 02:29:58', '2021-07-20 02:29:58'),
(233, 1, 117, 19, '2021-07-20 02:37:18', '2021-07-20 02:37:18'),
(234, 2, 117, 0, '2021-07-20 02:37:18', '2021-07-20 02:37:18'),
(235, 1, 118, 50, '2021-07-22 21:40:03', '2021-07-22 21:40:03'),
(236, 2, 118, 0, '2021-07-22 21:40:03', '2021-07-22 21:40:03'),
(237, 1, 119, 50, '2021-07-22 21:45:31', '2021-07-22 21:45:31'),
(238, 2, 119, 0, '2021-07-22 21:45:31', '2021-07-22 21:45:31'),
(239, 1, 120, 20, '2021-07-22 21:51:25', '2021-07-22 21:51:25'),
(240, 2, 120, 0, '2021-07-22 21:51:25', '2021-07-22 21:51:25'),
(241, 1, 121, 44, '2021-07-23 00:01:47', '2021-08-06 20:09:54'),
(242, 2, 121, 0, '2021-07-23 00:01:47', '2021-07-23 00:01:47'),
(243, 1, 122, 94, '2021-07-23 00:09:06', '2021-07-23 00:09:06'),
(244, 2, 122, 0, '2021-07-23 00:09:06', '2021-07-23 00:09:06'),
(245, 1, 123, 10, '2021-07-23 00:50:19', '2021-07-23 00:50:19'),
(246, 2, 123, 0, '2021-07-23 00:50:19', '2021-07-23 00:50:19'),
(247, 1, 124, 20, '2021-07-23 01:38:50', '2021-07-23 01:38:50'),
(248, 2, 124, 0, '2021-07-23 01:38:50', '2021-07-23 01:38:50'),
(249, 1, 125, 50, '2021-07-25 23:21:12', '2021-07-25 23:21:12'),
(250, 2, 125, 0, '2021-07-25 23:21:12', '2021-07-25 23:21:12'),
(251, 1, 126, 87, '2021-07-26 01:20:06', '2021-08-11 15:43:05'),
(252, 2, 126, 0, '2021-07-26 01:20:06', '2021-07-26 01:20:06'),
(253, 1, 127, 1, '2021-08-06 19:36:09', '2021-08-06 19:36:09'),
(254, 2, 127, 0, '2021-08-06 19:36:09', '2021-08-06 19:36:09'),
(255, 1, 128, 0, '2021-08-06 19:52:07', '2021-08-06 19:52:07'),
(256, 2, 128, 182, '2021-08-06 19:52:07', '2021-08-06 19:52:07'),
(257, 1, 129, 27, '2021-08-06 20:22:13', '2021-08-06 20:22:13'),
(258, 2, 129, 0, '2021-08-06 20:22:13', '2021-08-06 20:22:13'),
(259, 1, 130, 12, '2021-08-06 20:32:54', '2021-08-06 20:32:54'),
(260, 2, 130, 0, '2021-08-06 20:32:54', '2021-08-06 20:32:54'),
(261, 1, 131, 39, '2021-08-06 20:42:26', '2021-08-11 15:33:57'),
(262, 2, 131, 0, '2021-08-06 20:42:26', '2021-08-06 20:42:26'),
(263, 1, 132, 24, '2021-08-06 20:47:39', '2021-08-06 20:47:39'),
(264, 2, 132, 0, '2021-08-06 20:47:39', '2021-08-06 20:47:39'),
(265, 1, 133, 20, '2021-08-11 00:03:37', '2021-08-11 00:03:37'),
(266, 2, 133, 0, '2021-08-11 00:03:37', '2021-08-11 00:03:37'),
(267, 1, 134, 12, '2021-08-11 00:03:40', '2021-08-11 00:13:25'),
(268, 2, 134, 0, '2021-08-11 00:03:40', '2021-08-11 00:03:40'),
(269, 1, 135, 12, '2021-08-11 00:16:42', '2021-08-11 00:16:42'),
(270, 2, 135, 0, '2021-08-11 00:16:42', '2021-08-11 00:16:42'),
(271, 1, 136, 13, '2021-08-11 00:20:08', '2021-08-11 00:20:08'),
(272, 2, 136, 0, '2021-08-11 00:20:08', '2021-08-11 00:20:08'),
(273, 1, 137, 49, '2021-08-11 00:23:12', '2021-08-11 15:31:43'),
(274, 2, 137, 0, '2021-08-11 00:23:12', '2021-08-11 00:23:12'),
(275, 1, 138, 59, '2021-08-11 00:29:10', '2021-08-11 00:29:10'),
(276, 2, 138, 0, '2021-08-11 00:29:10', '2021-08-11 00:29:10'),
(277, 1, 139, 20, '2021-08-11 00:31:47', '2021-08-11 00:31:47'),
(278, 2, 139, 0, '2021-08-11 00:31:47', '2021-08-11 00:31:47'),
(279, 1, 140, 0, '2022-02-13 01:24:21', '2022-02-13 01:24:21'),
(280, 2, 140, 0, '2022-02-13 01:24:21', '2022-02-13 01:24:21');

-- --------------------------------------------------------

--
-- Table structure for table `purchase_bills`
--

CREATE TABLE `purchase_bills` (
  `id` bigint(20) UNSIGNED NOT NULL,
  `bill_number` varchar(25) NOT NULL,
  `user_id` bigint(20) UNSIGNED NOT NULL,
  `supplier_id` int(10) UNSIGNED NOT NULL,
  `total_cost` float NOT NULL DEFAULT '0',
  `created_at` timestamp NOT NULL DEFAULT CURRENT_TIMESTAMP,
  `updated_at` timestamp NOT NULL DEFAULT CURRENT_TIMESTAMP
) ENGINE=InnoDB DEFAULT CHARSET=utf8mb4;

--
-- Dumping data for table `purchase_bills`
--

INSERT INTO `purchase_bills` (`id`, `bill_number`, `user_id`, `supplier_id`, `total_cost`, `created_at`, `updated_at`) VALUES
(1, '1000000001', 1, 1, 100, '2021-07-03 03:27:39', '2021-07-03 03:27:39'),
(2, '1000000002', 1, 1, 120, '2021-07-04 20:41:08', '2021-07-04 20:41:08'),
(3, '1000000003', 1, 1, 120, '2021-07-04 20:42:26', '2021-07-04 20:42:26');

-- --------------------------------------------------------

--
-- Table structure for table `purchase_bill_products`
--

CREATE TABLE `purchase_bill_products` (
  `id` bigint(20) UNSIGNED NOT NULL,
  `bill_id` bigint(20) UNSIGNED NOT NULL,
  `product_id` bigint(20) UNSIGNED NOT NULL,
  `price` float NOT NULL DEFAULT '0',
  `quantity` int(11) NOT NULL DEFAULT '0',
  `total_cost` float NOT NULL DEFAULT '0',
  `created_at` timestamp NOT NULL DEFAULT CURRENT_TIMESTAMP,
  `updated_at` timestamp NOT NULL DEFAULT CURRENT_TIMESTAMP
) ENGINE=InnoDB DEFAULT CHARSET=utf8mb4;

--
-- Dumping data for table `purchase_bill_products`
--

INSERT INTO `purchase_bill_products` (`id`, `bill_id`, `product_id`, `price`, `quantity`, `total_cost`, `created_at`, `updated_at`) VALUES
(1, 1, 1, 50, 2, 100, '2021-07-03 03:27:39', '2021-07-03 03:27:39'),
(2, 2, 67, 20, 6, 120, '2021-07-04 20:41:08', '2021-07-04 20:41:08'),
(3, 3, 73, 20, 6, 120, '2021-07-04 20:42:26', '2021-07-04 20:42:26');

-- --------------------------------------------------------

--
-- Table structure for table `sale_bills`
--

CREATE TABLE `sale_bills` (
  `id` bigint(20) UNSIGNED NOT NULL,
  `bill_number` varchar(25) NOT NULL,
  `user_id` bigint(20) UNSIGNED NOT NULL,
  `store_id` int(10) UNSIGNED NOT NULL,
  `total_before_discount` float NOT NULL DEFAULT '0',
  `total_discount` float NOT NULL DEFAULT '0',
  `total_cost` float NOT NULL DEFAULT '0',
  `paid_amount` float NOT NULL DEFAULT '0',
  `remaining_amount` float NOT NULL DEFAULT '0',
  `pay_way` tinyint(1) NOT NULL DEFAULT '0',
  `created_at` timestamp NOT NULL DEFAULT CURRENT_TIMESTAMP,
  `updated_at` timestamp NOT NULL DEFAULT CURRENT_TIMESTAMP
) ENGINE=InnoDB DEFAULT CHARSET=utf8mb4;

--
-- Dumping data for table `sale_bills`
--

INSERT INTO `sale_bills` (`id`, `bill_number`, `user_id`, `store_id`, `total_before_discount`, `total_discount`, `total_cost`, `paid_amount`, `remaining_amount`, `pay_way`, `created_at`, `updated_at`) VALUES
(1, '1000000001', 1, 1, 100, 0, 100, 200, 100, 0, '2021-06-26 17:50:43', '2021-06-26 17:50:43'),
(2, '1000000002', 1, 1, 50, 0, 50, 100, 50, 0, '2021-06-26 18:09:39', '2021-06-26 18:09:39'),
(3, '1000000003', 1, 1, 100, 0, 100, 200, 100, 0, '2021-06-26 18:34:16', '2021-06-26 18:34:16'),
(4, '1000000004', 1, 1, 225, 0, 225, 300, 75, 0, '2021-06-26 19:11:08', '2021-06-26 19:11:08'),
(5, '1000000005', 1, 1, 100, 0, 100, 100, 0, 0, '2021-06-27 00:01:38', '2021-06-27 00:01:38'),
(6, '1000000006', 1, 1, 100, 0, 100, 100, 0, 0, '2021-06-27 00:02:27', '2021-06-27 00:02:27'),
(7, '1000000007', 1, 1, 75, 0, 75, 100, 25, 0, '2021-06-27 17:48:13', '2021-06-27 17:48:13'),
(8, '1000000008', 1, 1, 75, 0, 75, 75, 0, 0, '2021-06-27 17:51:16', '2021-06-27 17:51:16'),
(9, '1000000009', 2, 1, 400, 0, 400, 400, 0, 0, '2021-06-27 19:15:11', '2021-06-27 19:15:11'),
(10, '1000000010', 2, 1, 75, 0, 75, 75, 0, 0, '2021-06-27 20:54:28', '2021-06-27 20:54:28'),
(11, '1000000011', 2, 1, 275, 0, 275, 300, 25, 0, '2021-06-28 17:18:33', '2021-06-28 17:18:33'),
(12, '1000000012', 2, 1, 50, 0, 50, 50, 0, 0, '2021-06-28 17:50:06', '2021-06-28 17:50:06'),
(13, '1000000013', 1, 1, 100, 0, 100, 100, 0, 0, '2021-07-03 03:33:18', '2021-07-03 03:33:18'),
(14, '1000000014', 2, 1, 75, 0, 75, 100, 25, 0, '2021-07-04 20:51:08', '2021-07-04 20:51:08'),
(15, '1000000015', 2, 1, 1000, 0, 1000, 1000, 0, 0, '2021-07-04 21:26:57', '2021-07-04 21:26:57'),
(16, '1000000016', 1, 1, 100, 0, 100, 100, 0, 0, '2021-07-10 05:00:45', '2021-07-10 05:00:45'),
(17, '1000000017', 2, 1, 75, 0, 75, 100, 25, 0, '2021-08-11 15:26:24', '2021-08-11 15:26:24'),
(18, '1000000018', 2, 1, 75, 0, 75, 100, 25, 0, '2021-08-11 15:27:26', '2021-08-11 15:27:26'),
(19, '1000000019', 2, 1, 75, 0, 75, 75, 0, 0, '2021-08-11 15:29:39', '2021-08-11 15:29:39'),
(20, '1000000020', 2, 1, 75, 0, 75, 75, 0, 0, '2021-08-11 15:31:43', '2021-08-11 15:31:43'),
(21, '1000000021', 2, 1, 75, 0, 75, 75, 0, 0, '2021-08-11 15:33:57', '2021-08-11 15:33:57'),
(22, '1000000022', 2, 1, 65, 0, 65, 65, 0, 0, '2021-08-11 15:35:10', '2021-08-11 15:35:10'),
(23, '1000000023', 1, 1, 65, 0, 65, 65, 0, 0, '2021-08-11 15:41:34', '2021-08-11 15:41:34'),
(24, '1000000024', 1, 1, 65, 0, 65, 65, 0, 0, '2021-08-11 15:43:05', '2021-08-11 15:43:05');

-- --------------------------------------------------------

--
-- Table structure for table `sale_bill_products`
--

CREATE TABLE `sale_bill_products` (
  `id` bigint(20) UNSIGNED NOT NULL,
  `bill_id` bigint(20) UNSIGNED NOT NULL,
  `product_id` bigint(20) UNSIGNED NOT NULL,
  `price` float NOT NULL DEFAULT '0',
  `quantity` int(11) NOT NULL DEFAULT '0',
  `product_discount` float NOT NULL DEFAULT '0',
  `total_cost` float NOT NULL DEFAULT '0',
  `created_at` timestamp NOT NULL DEFAULT CURRENT_TIMESTAMP,
  `updated_at` timestamp NOT NULL DEFAULT CURRENT_TIMESTAMP
) ENGINE=InnoDB DEFAULT CHARSET=utf8mb4;

--
-- Dumping data for table `sale_bill_products`
--

INSERT INTO `sale_bill_products` (`id`, `bill_id`, `product_id`, `price`, `quantity`, `product_discount`, `total_cost`, `created_at`, `updated_at`) VALUES
(1, 1, 2, 50, 2, 0, 100, '2021-06-26 17:50:43', '2021-06-26 17:50:43'),
(2, 2, 1, 50, 1, 0, 50, '2021-06-26 18:09:39', '2021-06-26 18:09:39'),
(3, 3, 2, 50, 2, 0, 100, '2021-06-26 18:34:16', '2021-06-26 18:34:16'),
(4, 4, 26, 75, 3, 0, 225, '2021-06-26 19:11:08', '2021-06-26 19:11:08'),
(5, 5, 67, 100, 1, 0, 100, '2021-06-27 00:01:38', '2021-06-27 00:01:38'),
(6, 6, 67, 100, 1, 0, 100, '2021-06-27 00:02:27', '2021-06-27 00:02:27'),
(7, 7, 66, 75, 1, 0, 75, '2021-06-27 17:48:13', '2021-06-27 17:48:13'),
(8, 8, 66, 75, 1, 0, 75, '2021-06-27 17:51:16', '2021-06-27 17:51:16'),
(9, 9, 79, 50, 1, 0, 50, '2021-06-27 19:15:11', '2021-06-27 19:15:11'),
(10, 9, 77, 125, 1, 0, 125, '2021-06-27 19:15:11', '2021-06-27 19:15:11'),
(11, 9, 75, 150, 1, 0, 150, '2021-06-27 19:15:11', '2021-06-27 19:15:11'),
(12, 9, 76, 75, 1, 0, 75, '2021-06-27 19:15:11', '2021-06-27 19:15:11'),
(13, 10, 66, 75, 1, 0, 75, '2021-06-27 20:54:28', '2021-06-27 20:54:28'),
(14, 11, 97, 75, 1, 0, 75, '2021-06-28 17:18:33', '2021-06-28 17:18:33'),
(15, 11, 45, 150, 1, 0, 150, '2021-06-28 17:18:33', '2021-06-28 17:18:33'),
(16, 11, 98, 50, 1, 0, 50, '2021-06-28 17:18:33', '2021-06-28 17:18:33'),
(17, 12, 79, 50, 1, 0, 50, '2021-06-28 17:50:06', '2021-06-28 17:50:06'),
(18, 13, 1, 50, 2, 0, 100, '2021-07-03 03:33:18', '2021-07-03 03:33:18'),
(19, 14, 73, 75, 1, 0, 75, '2021-07-04 20:51:08', '2021-07-04 20:51:08'),
(20, 15, 87, 300, 2, 0, 600, '2021-07-04 21:26:57', '2021-07-04 21:26:57'),
(21, 15, 79, 50, 1, 0, 50, '2021-07-04 21:26:57', '2021-07-04 21:26:57'),
(22, 15, 67, 100, 1, 0, 100, '2021-07-04 21:26:57', '2021-07-04 21:26:57'),
(23, 15, 68, 100, 1, 0, 100, '2021-07-04 21:26:57', '2021-07-04 21:26:57'),
(24, 15, 69, 75, 2, 0, 150, '2021-07-04 21:26:57', '2021-07-04 21:26:57'),
(25, 16, 78, 100, 1, 0, 100, '2021-07-10 05:00:45', '2021-07-10 05:00:45'),
(26, 17, 137, 75, 1, 0, 75, '2021-08-11 15:26:24', '2021-08-11 15:26:24'),
(27, 18, 137, 75, 1, 0, 75, '2021-08-11 15:27:26', '2021-08-11 15:27:26'),
(28, 19, 137, 75, 1, 0, 75, '2021-08-11 15:29:39', '2021-08-11 15:29:39'),
(29, 20, 137, 75, 1, 0, 75, '2021-08-11 15:31:43', '2021-08-11 15:31:43'),
(30, 21, 131, 75, 1, 0, 75, '2021-08-11 15:33:57', '2021-08-11 15:33:57'),
(31, 22, 126, 65, 1, 0, 65, '2021-08-11 15:35:10', '2021-08-11 15:35:10'),
(32, 23, 126, 65, 1, 0, 65, '2021-08-11 15:41:34', '2021-08-11 15:41:34'),
(33, 24, 126, 65, 1, 0, 65, '2021-08-11 15:43:05', '2021-08-11 15:43:05');

-- --------------------------------------------------------

--
-- Table structure for table `sessions`
--

CREATE TABLE `sessions` (
  `id` varchar(255) COLLATE utf8mb4_unicode_ci NOT NULL,
  `user_id` bigint(20) UNSIGNED DEFAULT NULL,
  `ip_address` varchar(45) COLLATE utf8mb4_unicode_ci DEFAULT NULL,
  `user_agent` text COLLATE utf8mb4_unicode_ci,
  `payload` text COLLATE utf8mb4_unicode_ci NOT NULL,
  `last_activity` int(11) NOT NULL
) ENGINE=InnoDB DEFAULT CHARSET=utf8mb4 COLLATE=utf8mb4_unicode_ci;

--
-- Dumping data for table `sessions`
--

INSERT INTO `sessions` (`id`, `user_id`, `ip_address`, `user_agent`, `payload`, `last_activity`) VALUES
('yojrsd74xZtx7Mf7yZLItkm7tZTQGP6GwSiqEfQE', 1, '127.0.0.1', 'Mozilla/5.0 (X11; Linux x86_64) AppleWebKit/537.36 (KHTML, like Gecko) Chrome/90.0.4430.212 Safari/537.36', 'YTo2OntzOjY6Il90b2tlbiI7czo0MDoiOUVtNFBOWDNnUVRxbXNaNHpPajluUmxldERPY1laQ2UwajNxcDR6QiI7czo5OiJfcHJldmlvdXMiO2E6MTp7czozOiJ1cmwiO3M6Mzg6Imh0dHA6Ly8xMjcuMC4wLjE6ODAwMS9hZG1pbi9hZGRwcm9kdWN0Ijt9czo2OiJfZmxhc2giO2E6Mjp7czozOiJvbGQiO2E6MDp7fXM6MzoibmV3IjthOjA6e319czo1MDoibG9naW5fd2ViXzU5YmEzNmFkZGMyYjJmOTQwMTU4MGYwMTRjN2Y1OGVhNGUzMDk4OWQiO2k6MTtzOjE3OiJwYXNzd29yZF9oYXNoX3dlYiI7czo2MDoiJDJ5JDEwJHQxdGhtUWNOTXFKaHZJVzBKdlpqcnVsb2FoR3dlMjJFRWtXcE9DUG1wL3FGWEpuYkFmb1VLIjtzOjIxOiJwYXNzd29yZF9oYXNoX3NhbmN0dW0iO3M6NjA6IiQyeSQxMCR0MXRobVFjTk1xSmh2SVcwSnZaanJ1bG9haEd3ZTIyRUVrV3BPQ1BtcC9xRlhKbmJBZm9VSyI7fQ==', 1624130727);

-- --------------------------------------------------------

--
-- Table structure for table `stores`
--

CREATE TABLE `stores` (
  `id` int(10) UNSIGNED NOT NULL,
  `name_ar` varchar(50) NOT NULL,
  `name_en` varchar(50) DEFAULT NULL,
  `address` varchar(200) NOT NULL,
  `created_at` timestamp NOT NULL DEFAULT CURRENT_TIMESTAMP,
  `updated_at` timestamp NOT NULL DEFAULT CURRENT_TIMESTAMP
) ENGINE=InnoDB DEFAULT CHARSET=utf8mb4;

--
-- Dumping data for table `stores`
--

INSERT INTO `stores` (`id`, `name_ar`, `name_en`, `address`, `created_at`, `updated_at`) VALUES
(1, 'الفرع الاول', 'Branch one', 'Zayed', '2021-06-21 13:50:21', '2021-06-21 13:50:21'),
(2, 'الفرع الثاني', 'Branch ', '', '2021-06-21 13:50:21', '2021-06-21 13:50:21');

-- --------------------------------------------------------

--
-- Table structure for table `suppliers`
--

CREATE TABLE `suppliers` (
  `id` int(10) UNSIGNED NOT NULL,
  `name` varchar(100) NOT NULL,
  `phone` varchar(15) NOT NULL,
  `is_active` tinyint(1) NOT NULL DEFAULT '1',
  `created_at` timestamp NOT NULL DEFAULT CURRENT_TIMESTAMP,
  `updated_at` timestamp NOT NULL DEFAULT CURRENT_TIMESTAMP
) ENGINE=InnoDB DEFAULT CHARSET=utf8mb4;

--
-- Dumping data for table `suppliers`
--

INSERT INTO `suppliers` (`id`, `name`, `phone`, `is_active`, `created_at`, `updated_at`) VALUES
(1, 'mohamed', '12345678', 1, '2021-07-03 03:23:19', '2021-07-03 03:25:12');

-- --------------------------------------------------------

--
-- Table structure for table `users`
--

CREATE TABLE `users` (
  `id` bigint(20) UNSIGNED NOT NULL,
  `name` varchar(100) COLLATE utf8mb4_unicode_ci NOT NULL,
  `email` varchar(100) COLLATE utf8mb4_unicode_ci NOT NULL,
  `password` text COLLATE utf8mb4_unicode_ci NOT NULL,
  `profile_photo_path` varchar(50) COLLATE utf8mb4_unicode_ci DEFAULT NULL,
  `user_type_id` int(10) UNSIGNED NOT NULL,
  `employee_id` int(10) UNSIGNED DEFAULT NULL,
  `store_id` int(10) UNSIGNED DEFAULT NULL,
  `email_verified_at` timestamp NULL DEFAULT NULL,
  `two_factor_secret` text COLLATE utf8mb4_unicode_ci,
  `two_factor_recovery_codes` text COLLATE utf8mb4_unicode_ci,
  `remember_token` varchar(100) COLLATE utf8mb4_unicode_ci DEFAULT NULL,
  `current_team_id` bigint(20) UNSIGNED DEFAULT NULL,
  `is_active` tinyint(1) NOT NULL DEFAULT '1',
  `created_at` timestamp NULL DEFAULT NULL,
  `updated_at` timestamp NULL DEFAULT NULL
) ENGINE=InnoDB DEFAULT CHARSET=utf8mb4 COLLATE=utf8mb4_unicode_ci;

--
-- Dumping data for table `users`
--

INSERT INTO `users` (`id`, `name`, `email`, `password`, `profile_photo_path`, `user_type_id`, `employee_id`, `store_id`, `email_verified_at`, `two_factor_secret`, `two_factor_recovery_codes`, `remember_token`, `current_team_id`, `is_active`, `created_at`, `updated_at`) VALUES
(1, 'مدير', 'admin@gmail.com', '$2y$10$t1thmQcNMqJhvIW0JvZjruloahGwe22EEkWpOCPmp/qFXJnbAfoUK', NULL, 1, NULL, NULL, NULL, NULL, NULL, NULL, NULL, 1, NULL, NULL),
(2, 'أحمد مغني', 'ahmoghny@gmail.com', '$2y$10$AymIWyQnVIbJG4H7XMwjXuYeBTU/LQ1VhFHVIerSzs6KqYQE0Ezh2', NULL, 2, 2, 1, NULL, NULL, NULL, NULL, NULL, 1, '2021-06-27 00:15:35', '2021-06-27 00:15:35');

-- --------------------------------------------------------

--
-- Table structure for table `user_types`
--

CREATE TABLE `user_types` (
  `id` int(10) UNSIGNED NOT NULL,
  `type` varchar(25) NOT NULL,
  `created_at` timestamp NOT NULL DEFAULT CURRENT_TIMESTAMP,
  `updated_at` timestamp NOT NULL DEFAULT CURRENT_TIMESTAMP
) ENGINE=InnoDB DEFAULT CHARSET=utf8mb4;

--
-- Dumping data for table `user_types`
--

INSERT INTO `user_types` (`id`, `type`, `created_at`, `updated_at`) VALUES
(1, 'Admin', '2021-06-15 11:43:35', '2021-06-15 11:43:35'),
(2, 'Employee', '2021-06-15 11:43:35', '2021-06-15 11:43:35');

--
-- Indexes for dumped tables
--

--
-- Indexes for table `brands`
--
ALTER TABLE `brands`
  ADD PRIMARY KEY (`id`);

--
-- Indexes for table `categories`
--
ALTER TABLE `categories`
  ADD PRIMARY KEY (`id`);

--
-- Indexes for table `employees`
--
ALTER TABLE `employees`
  ADD PRIMARY KEY (`id`);

--
-- Indexes for table `maintenance_bills`
--
ALTER TABLE `maintenance_bills`
  ADD PRIMARY KEY (`id`),
  ADD KEY `employee_id` (`employee_id`),
  ADD KEY `created_by` (`created_by`),
  ADD KEY `finished_by` (`finished_by`);

--
-- Indexes for table `migrations`
--
ALTER TABLE `migrations`
  ADD PRIMARY KEY (`id`);

--
-- Indexes for table `password_resets`
--
ALTER TABLE `password_resets`
  ADD KEY `password_resets_email_index` (`email`(191));

--
-- Indexes for table `personal_access_tokens`
--
ALTER TABLE `personal_access_tokens`
  ADD PRIMARY KEY (`id`),
  ADD UNIQUE KEY `personal_access_tokens_token_unique` (`token`),
  ADD KEY `personal_access_tokens_tokenable_type_tokenable_id_index` (`tokenable_type`(191),`tokenable_id`);

--
-- Indexes for table `products`
--
ALTER TABLE `products`
  ADD PRIMARY KEY (`id`),
  ADD KEY `category_id` (`category_id`),
  ADD KEY `brand_id` (`brand_id`);

--
-- Indexes for table `product_stores`
--
ALTER TABLE `product_stores`
  ADD PRIMARY KEY (`id`),
  ADD KEY `store_id` (`store_id`),
  ADD KEY `product_id` (`product_id`);

--
-- Indexes for table `purchase_bills`
--
ALTER TABLE `purchase_bills`
  ADD PRIMARY KEY (`id`),
  ADD KEY `user_id` (`user_id`),
  ADD KEY `supplier_id` (`supplier_id`);

--
-- Indexes for table `purchase_bill_products`
--
ALTER TABLE `purchase_bill_products`
  ADD PRIMARY KEY (`id`),
  ADD KEY `product_id` (`product_id`),
  ADD KEY `purchase_bill_id` (`bill_id`);

--
-- Indexes for table `sale_bills`
--
ALTER TABLE `sale_bills`
  ADD PRIMARY KEY (`id`),
  ADD KEY `user_id` (`user_id`),
  ADD KEY `store_id` (`store_id`);

--
-- Indexes for table `sale_bill_products`
--
ALTER TABLE `sale_bill_products`
  ADD PRIMARY KEY (`id`),
  ADD KEY `product_id` (`product_id`),
  ADD KEY `bill_id` (`bill_id`);

--
-- Indexes for table `stores`
--
ALTER TABLE `stores`
  ADD PRIMARY KEY (`id`);

--
-- Indexes for table `suppliers`
--
ALTER TABLE `suppliers`
  ADD PRIMARY KEY (`id`);

--
-- Indexes for table `users`
--
ALTER TABLE `users`
  ADD PRIMARY KEY (`id`),
  ADD UNIQUE KEY `users_email_unique` (`email`),
  ADD KEY `user_type_id` (`user_type_id`),
  ADD KEY `employee_id` (`employee_id`),
  ADD KEY `store_id` (`store_id`);

--
-- Indexes for table `user_types`
--
ALTER TABLE `user_types`
  ADD PRIMARY KEY (`id`);

--
-- AUTO_INCREMENT for dumped tables
--

--
-- AUTO_INCREMENT for table `brands`
--
ALTER TABLE `brands`
  MODIFY `id` int(10) UNSIGNED NOT NULL AUTO_INCREMENT;

--
-- AUTO_INCREMENT for table `categories`
--
ALTER TABLE `categories`
  MODIFY `id` int(10) UNSIGNED NOT NULL AUTO_INCREMENT, AUTO_INCREMENT=9;

--
-- AUTO_INCREMENT for table `employees`
--
ALTER TABLE `employees`
  MODIFY `id` int(10) UNSIGNED NOT NULL AUTO_INCREMENT, AUTO_INCREMENT=3;

--
-- AUTO_INCREMENT for table `maintenance_bills`
--
ALTER TABLE `maintenance_bills`
  MODIFY `id` bigint(20) UNSIGNED NOT NULL AUTO_INCREMENT, AUTO_INCREMENT=6;

--
-- AUTO_INCREMENT for table `migrations`
--
ALTER TABLE `migrations`
  MODIFY `id` int(10) UNSIGNED NOT NULL AUTO_INCREMENT, AUTO_INCREMENT=7;

--
-- AUTO_INCREMENT for table `personal_access_tokens`
--
ALTER TABLE `personal_access_tokens`
  MODIFY `id` bigint(20) UNSIGNED NOT NULL AUTO_INCREMENT;

--
-- AUTO_INCREMENT for table `products`
--
ALTER TABLE `products`
  MODIFY `id` bigint(20) UNSIGNED NOT NULL AUTO_INCREMENT, AUTO_INCREMENT=141;

--
-- AUTO_INCREMENT for table `product_stores`
--
ALTER TABLE `product_stores`
  MODIFY `id` int(10) UNSIGNED NOT NULL AUTO_INCREMENT, AUTO_INCREMENT=281;

--
-- AUTO_INCREMENT for table `purchase_bills`
--
ALTER TABLE `purchase_bills`
  MODIFY `id` bigint(20) UNSIGNED NOT NULL AUTO_INCREMENT, AUTO_INCREMENT=4;

--
-- AUTO_INCREMENT for table `purchase_bill_products`
--
ALTER TABLE `purchase_bill_products`
  MODIFY `id` bigint(20) UNSIGNED NOT NULL AUTO_INCREMENT, AUTO_INCREMENT=4;

--
-- AUTO_INCREMENT for table `sale_bills`
--
ALTER TABLE `sale_bills`
  MODIFY `id` bigint(20) UNSIGNED NOT NULL AUTO_INCREMENT, AUTO_INCREMENT=25;

--
-- AUTO_INCREMENT for table `sale_bill_products`
--
ALTER TABLE `sale_bill_products`
  MODIFY `id` bigint(20) UNSIGNED NOT NULL AUTO_INCREMENT, AUTO_INCREMENT=34;

--
-- AUTO_INCREMENT for table `stores`
--
ALTER TABLE `stores`
  MODIFY `id` int(10) UNSIGNED NOT NULL AUTO_INCREMENT, AUTO_INCREMENT=3;

--
-- AUTO_INCREMENT for table `suppliers`
--
ALTER TABLE `suppliers`
  MODIFY `id` int(10) UNSIGNED NOT NULL AUTO_INCREMENT, AUTO_INCREMENT=2;

--
-- AUTO_INCREMENT for table `users`
--
ALTER TABLE `users`
  MODIFY `id` bigint(20) UNSIGNED NOT NULL AUTO_INCREMENT, AUTO_INCREMENT=3;

--
-- AUTO_INCREMENT for table `user_types`
--
ALTER TABLE `user_types`
  MODIFY `id` int(10) UNSIGNED NOT NULL AUTO_INCREMENT, AUTO_INCREMENT=3;

--
-- Constraints for dumped tables
--

--
-- Constraints for table `maintenance_bills`
--
ALTER TABLE `maintenance_bills`
  ADD CONSTRAINT `maintenance_bills_ibfk_1` FOREIGN KEY (`employee_id`) REFERENCES `employees` (`id`) ON UPDATE CASCADE,
  ADD CONSTRAINT `maintenance_bills_ibfk_2` FOREIGN KEY (`created_by`) REFERENCES `users` (`id`) ON UPDATE CASCADE,
  ADD CONSTRAINT `maintenance_bills_ibfk_3` FOREIGN KEY (`finished_by`) REFERENCES `users` (`id`) ON UPDATE CASCADE;

--
-- Constraints for table `products`
--
ALTER TABLE `products`
  ADD CONSTRAINT `products_ibfk_1` FOREIGN KEY (`category_id`) REFERENCES `categories` (`id`) ON UPDATE CASCADE,
  ADD CONSTRAINT `products_ibfk_2` FOREIGN KEY (`brand_id`) REFERENCES `brands` (`id`) ON UPDATE CASCADE;

--
-- Constraints for table `product_stores`
--
ALTER TABLE `product_stores`
  ADD CONSTRAINT `product_stores_ibfk_1` FOREIGN KEY (`store_id`) REFERENCES `stores` (`id`) ON UPDATE CASCADE,
  ADD CONSTRAINT `product_stores_ibfk_2` FOREIGN KEY (`product_id`) REFERENCES `products` (`id`) ON UPDATE CASCADE;

--
-- Constraints for table `purchase_bills`
--
ALTER TABLE `purchase_bills`
  ADD CONSTRAINT `purchase_bills_ibfk_1` FOREIGN KEY (`user_id`) REFERENCES `users` (`id`) ON UPDATE CASCADE,
  ADD CONSTRAINT `purchase_bills_ibfk_2` FOREIGN KEY (`supplier_id`) REFERENCES `suppliers` (`id`) ON UPDATE CASCADE;

--
-- Constraints for table `purchase_bill_products`
--
ALTER TABLE `purchase_bill_products`
  ADD CONSTRAINT `purchase_bill_products_ibfk_1` FOREIGN KEY (`product_id`) REFERENCES `products` (`id`) ON UPDATE CASCADE,
  ADD CONSTRAINT `purchase_bill_products_ibfk_2` FOREIGN KEY (`bill_id`) REFERENCES `purchase_bills` (`id`) ON UPDATE CASCADE;

--
-- Constraints for table `sale_bills`
--
ALTER TABLE `sale_bills`
  ADD CONSTRAINT `sale_bills_ibfk_1` FOREIGN KEY (`user_id`) REFERENCES `users` (`id`) ON UPDATE CASCADE,
  ADD CONSTRAINT `sale_bills_ibfk_2` FOREIGN KEY (`store_id`) REFERENCES `stores` (`id`) ON UPDATE CASCADE;

--
-- Constraints for table `sale_bill_products`
--
ALTER TABLE `sale_bill_products`
  ADD CONSTRAINT `sale_bill_products_ibfk_1` FOREIGN KEY (`product_id`) REFERENCES `products` (`id`) ON UPDATE CASCADE,
  ADD CONSTRAINT `sale_bill_products_ibfk_2` FOREIGN KEY (`bill_id`) REFERENCES `sale_bills` (`id`) ON UPDATE CASCADE;

--
-- Constraints for table `users`
--
ALTER TABLE `users`
  ADD CONSTRAINT `users_ibfk_1` FOREIGN KEY (`user_type_id`) REFERENCES `user_types` (`id`) ON UPDATE CASCADE,
  ADD CONSTRAINT `users_ibfk_2` FOREIGN KEY (`employee_id`) REFERENCES `employees` (`id`) ON UPDATE CASCADE,
  ADD CONSTRAINT `users_ibfk_3` FOREIGN KEY (`store_id`) REFERENCES `stores` (`id`);
COMMIT;

/*!40101 SET CHARACTER_SET_CLIENT=@OLD_CHARACTER_SET_CLIENT */;
/*!40101 SET CHARACTER_SET_RESULTS=@OLD_CHARACTER_SET_RESULTS */;
/*!40101 SET COLLATION_CONNECTION=@OLD_COLLATION_CONNECTION */;
